{"branches": 91.17647058823529, "coverage": 78.68852459016394}